Time,BldPitch1,RotSpeed,RotThrust,RotTorq,GenPwr
600.000000000000000,2.668422485867600,11.769751499325663,564.883514591523408,3127.291973944732945,3653.282992338374243
