Time,BldPitch1,RotSpeed,RotThrust,RotTorq
600.000000000000000,0.000000000000000,12.099999999999996,696.603799248185055,3535.027662199776387
